{"cameraMode":{"drawMode":0,"name":"Shaded","section":"Shading Mode"},"sceneLighting":true,"audioPlay":false,"sceneViewState":{"m_AlwaysRefresh":false,"showFog":true,"showSkybox":true,"showFlares":true,"showImageEffects":true,"showParticleSystems":true,"showVisualEffectGraphs":true,"m_FxEnabled":true},"in2DMode":false,"pivot":{"x":-3.1311211585998537,"y":-0.1802082061767578,"z":28.567626953125},"rotation":{"x":-0.07816409319639206,"y":0.040960103273391727,"z":-0.0032133725471794607,"w":-0.9960986375808716},"size":40.88893508911133,"orthographic":false}