{"cameraMode":{"drawMode":0,"name":"Shaded","section":"Shading Mode"},"sceneLighting":true,"audioPlay":false,"sceneViewState":{"m_AlwaysRefresh":false,"showFog":true,"showSkybox":true,"showFlares":true,"showImageEffects":true,"showParticleSystems":true,"showVisualEffectGraphs":true,"m_FxEnabled":true},"in2DMode":false,"pivot":{"x":17.833744049072267,"y":20.773448944091798,"z":35.392799377441409},"rotation":{"x":0.08044750243425369,"y":0.061855532228946689,"z":0.005002633202821016,"w":-0.9948276877403259},"size":30.109283447265626,"orthographic":false}