{"cameraMode":{"drawMode":0,"name":"Shaded","section":"Shading Mode"},"sceneLighting":true,"audioPlay":false,"sceneViewState":{"m_AlwaysRefresh":false,"showFog":true,"showSkybox":true,"showFlares":true,"showImageEffects":true,"showParticleSystems":true,"showVisualEffectGraphs":true,"m_FxEnabled":true},"in2DMode":false,"pivot":{"x":4.283886432647705,"y":0.48196709156036379,"z":12.247457504272461},"rotation":{"x":-0.07972486317157746,"y":0.0035859225317835809,"z":-0.0002862609107978642,"w":-0.9968152046203613},"size":4.349747180938721,"orthographic":false}